{"cameraMode":{"drawMode":0,"name":"Shaded","section":"Shading Mode"},"sceneLighting":true,"audioPlay":false,"sceneViewState":{"showFog":true,"showMaterialUpdate":false,"showSkybox":true,"showFlares":true,"showImageEffects":true,"showParticleSystems":true},"in2DMode":false,"pivot":{"x":-9.948262214660645,"y":-11.198638916015625,"z":6.178194522857666},"rotation":{"x":-0.31878286600112917,"y":0.47887858748435976,"z":-0.1919979751110077,"w":-0.7951049208641052},"size":10.0,"orthographic":false}